INSERT INTO Produto (nome, preco, estoque, categoria, local_de_fabricacao, disponibilidade) VALUES 
('Camiseta Oficial 5 McAdoo Principal', 69.99, 60, 'Vestuário', 'Londres', 1),
('Camiseta Oficial 6 Kent Principal', 69.99, 60, 'Vestuário', 'Londres', 1),
('Camiseta Oficial 9 Tartt Principal', 69.99, 60, 'Vestuário', 'Londres', 1),
('Camiseta Oficial 10 Zava Principal', 69.99, 60, 'Vestuário', 'Londres', 1),
('Camiseta Oficial 12 Hughes Principal', 69.99, 60, 'Vestuário', 'Londres', 1),
('Camiseta Oficial 14 Rojas Principal', 69.99, 60, 'Vestuário', 'Londres', 1),
('Camiseta Oficial 24 Obisanya Principal', 69.99, 60, 'Vestuário', 'Londres', 1),
('Camiseta Oficial 81 Zoreaux Principal', 69.99, 60, 'Vestuário', 'Londres', 1),
('Camiseta Oficial 5 McAdoo Secundária', 69.99, 60, 'Vestuário', 'Londres', 1),
('Camiseta Oficial 6 Kent Secundária', 69.99, 60, 'Vestuário', 'Londres', 1),
('Camiseta Oficial 9 Tartt Secundária', 69.99, 60, 'Vestuário', 'Londres', 1),
('Camiseta Oficial 10 Zava Secundária', 69.99, 60, 'Vestuário', 'Londres', 1),
('Camiseta Oficial 12 Hughes Secundária', 69.99, 60, 'Vestuário', 'Londres', 1),
('Camiseta Oficial 14 Rojas Secundária', 69.99, 60, 'Vestuário', 'Londres', 1),
('Camiseta Oficial 24 Obisanya Secundária', 69.99, 60, 'Vestuário', 'Londres', 1),
('Camiseta Oficial 81 Zoreaux Secundária', 69.99, 60, 'Vestuário', 'Londres', 1),
('Cachecol BELIEVE', 19.99, 60, 'Vestuário', 'Londres', 1),
('Cachecol Football is Life', 19.99, 60, 'Vestuário', 'Londres', 1),
('Ursinho Mascote', 5.99, 60, 'Outros', 'Mari', 1);

INSERT INTO Cliente (cpf, nome, is_flamengo, assiste_one_piece, cidade_natal) VALUES
('47586947582', 'Mae', 1, 0, 'Londres'),
('12345678910', 'Baz', 0, 1, 'São Paulo'),
('98765432101', 'Jeremy', 1, 1, 'Rio de Janeiro'),
('45678912302', 'Paul', 0, 0, 'Belo Horizonte'),
('13579246803', 'Jade', 1, 0, 'Salvador'),
('24681357904', 'Barbara', 0, 1, 'Recife'),
('98765432105', 'Shand', 1, 1, 'Fortaleza'),
('25836914706', 'Jack', 0, 0, 'Porto Alegre'),
('36925814707', 'Carla Fernandes', 1, 0, 'Brasília'),
('65498732108', 'Fernando Silva', 0, 1, 'Curitiba'),
('78965412309', 'Juliana Almeida', 1, 1, 'Manaus'),
('98765432110', 'Rafaela Rodrigues', 0, 0, 'Belém'),
('15975385211', 'Marcos Santos', 1, 0, 'Natal'),
('75315985212', 'Camila Oliveira', 0, 1, 'Vitória'),
('85236974123', 'Gabriel Pereira', 1, 1, 'Maceió'),
('65478932124', 'Isabela Costa', 0, 0, 'Goiania'),
('75395145625', 'Lucas Mendes', 1, 0, 'Porto Velho'),
('85274196326', 'Sandra Fernandes', 0, 1, 'Teresina'),
('96385274127', 'Rodrigo Silva', 1, 1, 'Florianópolis'),
('78945612328', 'Patricia Almeida', 0, 0, 'Cuiabá');

INSERT INTO Vendedor (cpf, nome, situacao) VALUES
('71829346582', 'Antonio Carvalho',  'Ativo')
('00011122233', 'Maria Souza', 'Ativo')
('12398745600', 'Phoebe Kent', 'De férias');

-- Mes de Maio de 2023
INSERT INTO Compra (id_cliente, id_vendedor, data_da_compra, status_da_compra) VALUES 
(32, 10, '2023-05-01', 'Confirmada'),
(33, 11, '2023-05-02', 'Confirmada'),
(35, 10, '2023-05-04', 'Confirmada'),
(36, 11, '2023-05-05', 'Confirmada'),
(38, 10, '2023-05-07', 'Confirmada'),
(40, 12, '2023-05-09', 'Confirmada'),
(41, 10, '2023-05-10', 'Confirmada'),
(44, 10, '2023-05-13', 'Confirmada'),
(46, 12, '2023-05-15', 'Confirmada'),
(47, 10, '2023-05-16', 'Confirmada'),
(49, 12, '2023-05-18', 'Confirmada'),
(50, 10, '2023-05-19', 'Confirmada'),
(52, 12, '2023-05-21', 'Confirmada'),
(32, 10, '2023-05-22', 'Confirmada'),
(33, 11, '2023-05-23', 'Confirmada'),
(35, 10, '2023-05-25', 'Confirmada'),
(36, 11, '2023-05-26', 'Confirmada'),
(38, 10, '2023-05-28', 'Confirmada'),
(40, 12, '2023-05-30', 'Confirmada');

INSERT INTO Produto_Compra (id_compra, id_produto, quantidade) VALUES
(53, 29, 2),
(54, 30, 5),
(55, 31, 1),
(56, 32, 3),
(57, 33, 4),
(58, 34, 2),
(59, 35, 1),
(60, 36, 3),
(61, 37, 2),
(62, 38, 5),
(63, 39, 1),
(64, 40, 4),
(65, 41, 2),
(66, 42, 3),
(67, 43, 1),
(68, 44, 5),
(69, 45, 2),
(70, 46, 3),
(71, 47, 1);

INSERT INTO Pagamento (id_compra, total, desconto_aplicado, forma_de_pagamento, status_do_pagamento) VALUES
(53, 0, 0, 'Pix', 'Confirmado'),
(54, 0, 0, 'Cartão de Crédito', 'Confirmado'),
(55, 0, 0, 'Dinheiro', 'Confirmado'),
(56, 0, 0, 'Cartão de Débito', 'Confirmado'),
(57, 0, 0, 'Pix', 'Confirmado'),
(58, 0, 0, 'Cartão de Crédito', 'Confirmado'),
(59, 0, 0, 'Dinheiro', 'Confirmado'),
(60, 0, 0, 'Cartão de Débito', 'Confirmado'),
(61, 0, 0, 'Pix', 'Confirmado'),
(62, 0, 0, 'Cartão de Crédito', 'Confirmado'),
(63, 0, 0, 'Dinheiro', 'Confirmado'),
(64, 0, 0, 'Cartão de Débito', 'Confirmado'),
(65, 0, 0, 'Pix', 'Confirmado'),
(66, 0, 0, 'Cartão de Crédito', 'Confirmado'),
(67, 0, 0, 'Dinheiro', 'Confirmado'),
(68, 0, 0, 'Cartão de Débito', 'Confirmado'),
(69, 0, 0, 'Pix', 'Confirmado'),
(70, 0, 0, 'Cartão de Crédito', 'Confirmado'),
(71, 0, 0, 'Dinheiro', 'Confirmado');

-- COMANDOS PARA CALCULAR TOTAL E DESCONTO DESSAS COMPRAS

UPDATE ((pagamento INNER JOIN produto_compra ON pagamento.id_compra = produto_compra.id_compra) 
                   INNER JOIN produto ON produto_compra.id_produto = produto.id)
SET pagamento.total = produto_compra.quantidade * produto.preco 
WHERE pagamento.id_compra < 100


UPDATE ((pagamento INNER JOIN compra ON pagamento.id_compra = compra.id)
				   INNER JOIN cliente ON compra.id_cliente = cliente.id) 
SET pagamento.desconto_aplicado = total * 10/100
WHERE cliente.is_flamengo = 1 OR cliente.cidade_natal = 'Sousa' OR cliente.assiste_one_piece = 1


UPDATE ((pagamento INNER JOIN compra ON pagamento.id_compra = compra.id)
				   INNER JOIN cliente ON compra.id_cliente = cliente.id) 
SET pagamento.desconto_aplicado = total * 20/100
WHERE (cliente.is_flamengo = 1 AND cliente.cidade_natal = 'Sousa') 
   OR (cliente.assiste_one_piece = 1 AND cliente.cidade_natal = 'Sousa')
   OR (cliente.is_flamengo = 1 AND cliente.assiste_one_piece = 1)


UPDATE ((pagamento INNER JOIN compra ON pagamento.id_compra = compra.id)
				   INNER JOIN cliente ON compra.id_cliente = cliente.id) 
SET pagamento.desconto_aplicado = total * 30/100
WHERE cliente.is_flamengo = 1 AND cliente.cidade_natal = 'Sousa' AND cliente.assiste_one_piece = 1

-- Mais compras para Maio de 2023
INSERT INTO Compra (id_cliente, id_vendedor, data_da_compra, status_da_compra) VALUES 
(32, 10, '2023-05-09', 'Confirmada'),
(35, 11, '2023-05-10', 'Confirmada'),
(49, 10, '2023-05-21', 'Confirmada'),
(42, 11, '2023-05-04', 'Confirmada'),
(35, 12, '2023-05-07', 'Confirmada'),
(43, 11, '2023-05-11', 'Confirmada'),
(49, 12, '2023-05-06', 'Confirmada'),
(37, 11, '2023-05-06', 'Confirmada'),
(44, 12, '2023-05-20', 'Confirmada'),
(47, 12, '2023-05-30', 'Confirmada'),
(40, 10, '2023-05-20', 'Confirmada'),
(37, 11, '2023-05-17', 'Confirmada'),
(41, 11, '2023-05-26', 'Confirmada'),
(37, 11, '2023-05-26', 'Confirmada'),
(48, 11, '2023-05-31', 'Confirmada'),
(37, 10, '2023-05-22', 'Confirmada'),
(39, 12, '2023-05-07', 'Confirmada'),
(44, 11, '2023-05-24', 'Confirmada'),
(36, 12, '2023-05-05', 'Confirmada'),
(51, 12, '2023-05-26', 'Confirmada'),
(32, 12, '2023-05-01', 'Confirmada'),
(43, 10, '2023-05-17', 'Confirmada'),
(46, 11, '2023-05-24', 'Confirmada'),
(47, 11, '2023-05-06', 'Confirmada'),
(48, 12, '2023-05-08', 'Confirmada'),
(44, 11, '2023-05-09', 'Confirmada'),
(48, 10, '2023-05-28', 'Confirmada'),
(34, 12, '2023-05-26', 'Confirmada'),
(45, 10, '2023-05-04', 'Confirmada'),
(38, 10, '2023-05-21', 'Confirmada');

INSERT INTO Produto_compra (id_compra, id_produto, quantidade) VALUES
(72, 45, 2),
(73, 42, 2),
(74, 47, 3),
(75, 33, 3),
(76, 33, 4),
(77, 37, 2),
(78, 34, 5),
(79, 34, 3),
(80, 42, 1),
(81, 39, 5),
(82, 41, 2),
(83, 32, 5),
(84, 43, 2),
(85, 38, 5),
(86, 33, 2),
(87, 45, 2),
(88, 45, 3),
(89, 43, 1),
(90, 34, 3),
(91, 45, 3),
(92, 46, 5),
(93, 29, 2),
(94, 29, 3),
(95, 37, 2),
(96, 42, 1),
(97, 36, 5),
(98, 38, 2),
(99, 30, 5),
(100, 30, 5),
(101, 29, 1);

INSERT INTO Pagamento (id_compra, total, desconto_aplicado, forma_de_pagamento, status_do_pagamento) VALUES
(72, 0, 0, 'Cartao de Debito', 'Confirmado'),
(73, 0, 0, 'Cartao de Debito', 'Confirmado'),
(74, 0, 0, 'Pix', 'Confirmado'),
(75, 0, 0, 'Dinheiro', 'Confirmado'),
(76, 0, 0, 'Cartao de Credito', 'Confirmado'),
(77, 0, 0, 'Cartao de Credito', 'Confirmado'),
(78, 0, 0, 'Cartao de Debito', 'Confirmado'),
(79, 0, 0, 'Cartao de Credito', 'Confirmado'),
(80, 0, 0, 'Cartao de Credito', 'Confirmado'),
(81, 0, 0, 'Pix', 'Confirmado'),
(82, 0, 0, 'Dinheiro', 'Confirmado'),
(83, 0, 0, 'Cartao de Debito', 'Confirmado'),
(84, 0, 0, 'Cartao de Debito', 'Confirmado'),
(85, 0, 0, 'Dinheiro', 'Confirmado'),
(86, 0, 0, 'Dinheiro', 'Confirmado'),
(87, 0, 0, 'Cartao de Credito', 'Confirmado'),
(88, 0, 0, 'Cartao de Credito', 'Confirmado'),
(89, 0, 0, 'Cartao de Debito', 'Confirmado'),
(90, 0, 0, 'Cartao de Debito', 'Confirmado'),
(91, 0, 0, 'Dinheiro', 'Confirmado'),
(92, 0, 0, 'Cartao de Debito', 'Confirmado'),
(93, 0, 0, 'Dinheiro', 'Confirmado'),
(94, 0, 0, 'Cartao de Debito', 'Confirmado'),
(95, 0, 0, 'Cartao de Debito', 'Confirmado'),
(96, 0, 0, 'Pix', 'Confirmado'),
(97, 0, 0, 'Pix', 'Confirmado'),
(98, 0, 0, 'Dinheiro', 'Confirmado'),
(99, 0, 0, 'Cartao de Debito', 'Confirmado'),
(100, 0, 0, 'Dinheiro', 'Confirmado'),
(101, 0, 0, 'Pix', 'Confirmado');

-- Junho de 2023
INSERT INTO Compra (id_cliente, id_vendedor, data_da_compra, status_da_compra) VALUES
(41, 12, '2023-06-08', 'Confirmada'),
(48, 12, '2023-06-08', 'Confirmada'),
(44, 12, '2023-06-04', 'Confirmada'),
(49, 11, '2023-06-05', 'Confirmada'),
(46, 10, '2023-06-01', 'Confirmada'),
(50, 11, '2023-06-03', 'Confirmada'),
(36, 11, '2023-06-03', 'Confirmada'),
(49, 10, '2023-06-05', 'Confirmada'),
(33, 12, '2023-06-08', 'Confirmada'),
(48, 10, '2023-06-08', 'Confirmada'),
(47, 11, '2023-06-08', 'Confirmada'),
(37, 12, '2023-06-11', 'Confirmada'),
(44, 12, '2023-06-06', 'Confirmada'),
(48, 12, '2023-06-06', 'Confirmada'),
(43, 12, '2023-06-05', 'Confirmada'),
(45, 12, '2023-06-09', 'Confirmada'),
(34, 10, '2023-06-02', 'Confirmada'),
(36, 10, '2023-06-03', 'Confirmada'),
(42, 10, '2023-06-11', 'Confirmada'),
(40, 11, '2023-06-06', 'Confirmada'),
(41, 10, '2023-06-03', 'Confirmada'),
(39, 11, '2023-06-07', 'Confirmada'),
(33, 10, '2023-06-03', 'Confirmada'),
(49, 10, '2023-06-05', 'Confirmada'),
(41, 12, '2023-06-07', 'Confirmada'),
(47, 10, '2023-06-05', 'Confirmada'),
(42, 11, '2023-06-06', 'Confirmada'),
(40, 10, '2023-06-10', 'Confirmada'),
(35, 12, '2023-06-05', 'Confirmada'),
(32, 10, '2023-06-10', 'Confirmada'),
(34, 12, '2023-06-05', 'Confirmada'),
(38, 12, '2023-06-09', 'Confirmada'),
(51, 11, '2023-06-05', 'Confirmada'),
(35, 10, '2023-06-05', 'Confirmada'),
(43, 12, '2023-06-11', 'Confirmada'),
(32, 12, '2023-06-11', 'Confirmada'),
(37, 12, '2023-06-08', 'Confirmada'),
(39, 11, '2023-06-04', 'Confirmada'),
(42, 11, '2023-06-03', 'Confirmada'),
(48, 11, '2023-06-07', 'Confirmada');

INSERT INTO Produto_Compra (id_compra, id_produto, quantidade) VALUES
(102, 47, 2),
(103, 38, 1),
(104, 39, 4),
(105, 47, 1),
(106, 39, 1),
(107, 44, 3),
(108, 32, 1),
(109, 40, 4),
(110, 37, 1),
(111, 29, 1),
(112, 47, 4),
(113, 32, 3),
(114, 29, 1),
(115, 45, 1),
(116, 42, 2),
(117, 39, 3),
(118, 34, 3),
(119, 29, 4),
(120, 39, 3),
(121, 39, 3),
(122, 35, 2),
(123, 35, 2),
(124, 41, 5),
(125, 42, 3),
(126, 34, 3),
(127, 33, 2),
(128, 38, 1),
(129, 41, 3),
(130, 43, 1),
(131, 31, 1),
(132, 32, 5),
(133, 36, 3),
(134, 36, 3),
(135, 35, 3),
(136, 47, 5),
(137, 46, 3),
(138, 43, 1),
(139, 29, 5),
(140, 46, 2),
(141, 41, 1);

INSERT INTO Pagamento (id_compra, total, desconto_aplicado, forma_de_pagamento, status_do_pagamento) VALUES
(102, 0, 0, 'Dinheiro', 'Confirmado'),
(103, 0, 0, 'Cartao de Debito', 'Confirmado'),
(104, 0, 0, 'Cartao de Debito', 'Confirmado'),
(105, 0, 0, 'Cartao de Credito', 'Confirmado'),
(106, 0, 0, 'Dinheiro', 'Confirmado'),
(107, 0, 0, 'Dinheiro', 'Confirmado'),
(108, 0, 0, 'Cartao de Debito', 'Confirmado'),
(109, 0, 0, 'Cartao de Credito', 'Confirmado'),
(110, 0, 0, 'Cartao de Debito', 'Confirmado'),
(111, 0, 0, 'Cartao de Debito', 'Confirmado'),
(112, 0, 0, 'Cartao de Debito', 'Confirmado'),
(113, 0, 0, 'Cartao de Credito', 'Confirmado'),
(114, 0, 0, 'Dinheiro', 'Confirmado'),
(115, 0, 0, 'Dinheiro', 'Confirmado'),
(116, 0, 0, 'Dinheiro', 'Confirmado'),
(117, 0, 0, 'Pix', 'Confirmado'),
(118, 0, 0, 'Pix', 'Confirmado'),
(119, 0, 0, 'Dinheiro', 'Confirmado'),
(120, 0, 0, 'Dinheiro', 'Confirmado'),
(121, 0, 0, 'Cartao de Credito', 'Confirmado'),
(122, 0, 0, 'Cartao de Credito', 'Confirmado'),
(123, 0, 0, 'Cartao de Debito', 'Confirmado'),
(124, 0, 0, 'Cartao de Credito', 'Confirmado'),
(125, 0, 0, 'Pix', 'Confirmado'),
(126, 0, 0, 'Dinheiro', 'Confirmado'),
(127, 0, 0, 'Cartao de Debito', 'Confirmado'),
(128, 0, 0, 'Cartao de Credito', 'Confirmado'),
(129, 0, 0, 'Dinheiro', 'Confirmado'),
(130, 0, 0, 'Pix', 'Confirmado'),
(131, 0, 0, 'Pix', 'Confirmado'),
(132, 0, 0, 'Cartao de Debito', 'Confirmado'),
(133, 0, 0, 'Dinheiro', 'Confirmado'),
(134, 0, 0, 'Cartao de Debito', 'Confirmado'),
(135, 0, 0, 'Pix', 'Confirmado'),
(136, 0, 0, 'Dinheiro', 'Confirmado'),
(137, 0, 0, 'Dinheiro', 'Confirmado'),
(138, 0, 0, 'Pix', 'Confirmado'),
(139, 0, 0, 'Cartao de Debito', 'Confirmado'),
(140, 0, 0, 'Cartao de Credito', 'Confirmado'),
(141, 0, 0, 'Dinheiro', 'Confirmado');